"OU";"Id";"SigninDateTime";"UserDisplayName";"UserPrincipalName";"UserId";"AppId";"AppDisplayName";"IpAddress";"LoginStatus";"DeviceInformation";"Latitude";"Longitude";"City";"State";"Country";"SignInErrorCode";"FailureReason";"MfaResult";"MfaRequired";"MfaAuthMethod";"MfaAuthDetail";"DataSource";
"Seattle";"5499fb02-b332-42d6-894f-6b8b82434800";"11/19/2018 7:19:06 PM +00:00";"Adam Wallace";"AdamW@delegate365.com";"5c123456-b789-c123-d456-e78901234567";"0000000c-0000-0000-c000-000000000000";"Microsoft App Access Panel";"80.10.20.30";"Success";";Windows 10;Chrome 70.0.3538;";"48.123456789012";"16.123456789012";"Wien";"Wien";"AT";"0";"";"MFA requirement satisfied by claim in the token";"True";"";"";"1";
"Seattle";"9e8bea9a-8be1-4554-aa98-b02267865d00";"11/19/2018 7:18:46 PM +00:00";"Adele Vance";"AdeleV@delegate365.com";"6d123456-e789-f123-a456-b78901234567";"0000000c-0000-0000-c000-000000000000";"Microsoft App Access Panel";"80.10.20.30";"Success";"Computer2;Windows 10;Edge 17.1713;";"48.123456789012";"16.123456789012";"Wien";"Wien";"AT";"0";"";"MFA requirement satisfied by claim in the token";"True";"";"";"1";
"Seattle";"5ffe52b8-a662-4637-9ff6-48212fa95900";"11/19/2018 7:18:35 PM +00:00";"Adele Vance";"AdeleV@delegate365.com";"6d123456-e789-f123-a456-b78901234567";"33be1cef-03fb-444b-8fd3-08ca1b4d803f";"OneDrive Web";"80.10.20.30";"Success";"Computer2;Windows 10;Edge 17.1713;";"48.123456789012";"16.123456789012";"Wien";"Wien";"AT";"0";"";"MFA requirement satisfied by claim in the token";"True";"";"";"1";
"Seattle";"ab703b07-08a7-4fa9-9251-814845c55900";"11/19/2018 7:16:34 PM +00:00";"Adele Vance";"AdeleV@delegate365.com";"6d123456-e789-f123-a456-b78901234567";"00000002-0000-0ff1-ce00-000000000000";"Office 365 Exchange Online";"80.10.20.30";"Success";"Computer2;Windows 10;Edge 17.1713;";"48.123456789012";"16.123456789012";"Wien";"Wien";"AT";"0";"";"MFA requirement satisfied by claim in the token";"True";"";"";"1";
