"OU";"DisplayName";"Surname";"GivenName";"UserPrincipalName";"Status";"UsageLocation";"AccountEnabled";"AssignedLicenses";"AssignedPlans";"Department";"City";"StateOrProvince";"CountryOrRegion";"Room";"Equipment";"SharedMailbox";
"all";"Irvin Wallace";"Wallace";"Irvin";"Irvin.Wallace@delegate365.com";"Cloud";"AT";"yes";"OFFICE 365 ENTERPRISE E5 WITHOUT PSTN CONFERENCING,Microsoft Power Apps & Flow,Audio Conferencing,Enterprise Mobility + Security E5,Power Apps and Logic Flows,Power BI Pro,Power BI (free)";"SharePoint Online (Plan 2),Office Online,14ab5db5-e6c4-4b20-b4bc-13e36fd2227f,Azure Active Directory Premium P2,Azure Information Protection Premium P2,Microsoft Cloud App Security,Azure Information Protection Plan 1,Intune A Direct,Azure Active Directory Premium Plan 1,Azure Multi-Factor Authentication,Azure Rights Management,PowerApps Trial,d20bfa21-e9ae-43fc-93c2-20783f0840c3,Common Data Service,Power BI Pro,Flow Free,To-Do (Plan3),Stream for Office 365,Microsoft Forms (Plan E5),Microsoft Planner,SWAY,Yammer Enterprise,Exchange Online (Plan 2),Skype for Business Online (Plan 2),Office 365 ProPlus,Flow for Office 365,PowerApps for Office 365,Microsoft Teams,Office 365 Advanced eDiscovery,Customer Lockbox,Microsoft MyAnalytics,Phone System,Audio Conferencing,Office 365 Threat Intelligence,Microsoft StaffHub,Office 365 Cloud App Security,Microsoft Power Videos Basic,Logic Flows,Microsoft PowerApps,Power BI (free)";"Development";"Vienna";"";"";"no";"no";"no";
"Seattle";"Irvin Sayers";"Sayers";"Irvin";"IrvinS@delegate365.com";"Cloud";"AT";"yes";"Microsoft Power Apps & Flow,Microsoft Flow Free,Power Apps and Logic Flows,OFFICE 365 ENTERPRISE E5 WITHOUT PSTN CONFERENCING,Audio Conferencing,Enterprise Mobility + Security E5,Power BI Pro,Power BI (free)";"SharePoint Online (Plan 2),Office Online,PowerApps Trial,d20bfa21-e9ae-43fc-93c2-20783f0840c3,Common Data Service,Flow Free,14ab5db5-e6c4-4b20-b4bc-13e36fd2227f,Azure Active Directory Premium P2,Azure Information Protection Premium P2,Microsoft Cloud App Security,Azure Information Protection Plan 1,Intune A Direct,Azure Active Directory Premium Plan 1,Azure Multi-Factor Authentication,Microsoft Power Videos Basic,Logic Flows,Microsoft PowerApps,Power BI Pro,Azure Rights Management,To-Do (Plan3),Microsoft StaffHub,Office 365 Threat Intelligence,Stream for Office 365,Microsoft Forms (Plan E5),Microsoft Planner,Yammer Enterprise,SWAY,Exchange Online (Plan 2),Skype for Business Online (Plan 2),Office 365 ProPlus,Flow for Office 365,PowerApps for Office 365,Microsoft Teams,Office 365 Advanced eDiscovery,Customer Lockbox,Microsoft MyAnalytics,Phone System,Audio Conferencing,Office 365 Cloud App Security,Power BI (free)";"Development";"Vienna";"";"";"no";"no";"no";
"Seattle";"Joni Sherman";"Sherman";"Joni";"JoniS@delegate365.com";"Cloud";"AT";"yes";"Power Apps and Logic Flows,OFFICE 365 ENTERPRISE E5 WITHOUT PSTN CONFERENCING,Microsoft Flow Free,Audio Conferencing,Enterprise Mobility + Security E5";"SharePoint Online (Plan 2),Office Online,14ab5db5-e6c4-4b20-b4bc-13e36fd2227f,Azure Active Directory Premium P2,Azure Information Protection Premium P2,Microsoft Cloud App Security,Azure Information Protection Plan 1,Intune A Direct,Azure Active Directory Premium Plan 1,Azure Multi-Factor Authentication,Microsoft Power Videos Basic,Logic Flows,Microsoft PowerApps,Azure Rights Management,Common Data Service,Flow Free,To-Do (Plan3),Microsoft Teams,Yammer Enterprise,SWAY,Microsoft Planner,Exchange Online (Plan 2),Skype for Business Online (Plan 2),Office 365 ProPlus,Flow for Office 365,PowerApps for Office 365,Office 365 Advanced eDiscovery,Customer Lockbox,Microsoft MyAnalytics,Phone System,Audio Conferencing,Power BI Pro,Office 365 Cloud App Security,Microsoft Forms (Plan E5),Office 365 Threat Intelligence,Stream for Office 365,Microsoft StaffHub";"Consulting";"";"";"";"no";"no";"no";
"Seattle";"Roman Fogg";"Fogg";"Roman";"RomanF@delegate365.com";"Cloud";"AT";"yes";"Microsoft Power Apps & Flow,Enterprise Mobility + Security E5,OFFICE 365 ENTERPRISE E5 WITHOUT PSTN CONFERENCING,Power Apps and Logic Flows,Power BI Pro,Dynamics 365 Customer Engagement Plan Enterprise Edition,Audio Conferencing,Microsoft Cloud App Security,Visio Online Plan 2";"Visio Online,SharePoint Online (Plan 2),Project Online Service,OneDrive for Business Basic,Office Online,b1188c4c-1b36-4018-b48b-ee07604f6feb,PowerApps Trial,d20bfa21-e9ae-43fc-93c2-20783f0840c3,Common Data Service,Flow Free,14ab5db5-e6c4-4b20-b4bc-13e36fd2227f,Azure Active Directory Premium P2,Azure Information Protection Premium P2,Intune A Direct,Azure Information Protection Plan 1,Azure Active Directory Premium Plan 1,Azure Multi-Factor Authentication,Azure Rights Management,Microsoft Cloud App Security,Power BI Pro,Microsoft PowerApps,To-Do (Plan3),Logic Flows,Microsoft Power Videos Basic,Yammer Enterprise,SWAY,Microsoft Teams,Microsoft Planner,Skype for Business Online (Plan 2),Exchange Online (Plan 2),Office 365 ProPlus,Office 365 Advanced eDiscovery,Customer Lockbox,Microsoft MyAnalytics,Phone System,Audio Conferencing,Flow for Office 365,PowerApps for Office 365,Office 365 Threat Intelligence,Microsoft StaffHub,Office 365 Cloud App Security,Microsoft Forms (Plan E5),Stream for Office 365,Dynamics 365 Customer Engagement Plan,Project Online Desktop Client,Microsoft Social Engagement Enterprise,Flow for Dynamic 365,PowerApps for Dynamic 365,Visio Pro for Office 365";"board of directors";"";"";"";"no";"no";"no";
"Seattle";"Roman Walker";"Walker";"Roman";"Roman.Walker@delegate365.com";"Cloud";"DE";"yes";"Power Apps and Logic Flows,OFFICE 365 ENTERPRISE E5 WITHOUT PSTN CONFERENCING,Audio Conferencing,Enterprise Mobility + Security E5";"SharePoint Online (Plan 2),Office Online,14ab5db5-e6c4-4b20-b4bc-13e36fd2227f,Azure Active Directory Premium P2,Azure Information Protection Premium P2,Microsoft Cloud App Security,Azure Information Protection Plan 1,Intune A Direct,Azure Active Directory Premium Plan 1,Azure Multi-Factor Authentication,Microsoft Power Videos Basic,To-Do (Plan3),Logic Flows,Microsoft PowerApps,Yammer Enterprise,SWAY,Exchange Online (Plan 2),Skype for Business Online (Plan 2),Office 365 ProPlus,Flow for Office 365,PowerApps for Office 365,Microsoft Teams,Office 365 Advanced eDiscovery,Customer Lockbox,Microsoft MyAnalytics,Phone System,Audio Conferencing,Power BI Pro,Microsoft Planner,Office 365 Cloud App Security,Microsoft Forms (Plan E5),Office 365 Threat Intelligence,Azure Rights Management,Stream for Office 365,Microsoft StaffHub";"Consulting";"";"";"";"no";"no";"no";
"Seattle";"Lee Gu";"Gu";"Lee";"LeeG@delegate365.com";"Cloud";"AT";"yes";"OFFICE 365 ENTERPRISE E5 WITHOUT PSTN CONFERENCING,Microsoft Power Apps & Flow,Audio Conferencing,Enterprise Mobility + Security E5,Power Apps and Logic Flows";"SharePoint Online (Plan 2),Office Online,14ab5db5-e6c4-4b20-b4bc-13e36fd2227f,Azure Active Directory Premium P2,Azure Information Protection Premium P2,Microsoft Cloud App Security,Azure Information Protection Plan 1,Intune A Direct,Azure Active Directory Premium Plan 1,Azure Multi-Factor Authentication,Azure Rights Management,PowerApps Trial,d20bfa21-e9ae-43fc-93c2-20783f0840c3,Common Data Service,Flow Free,To-Do (Plan3),Stream for Office 365,Microsoft Forms (Plan E5),Microsoft Teams,Microsoft Planner,Yammer Enterprise,SWAY,Exchange Online (Plan 2),Skype for Business Online (Plan 2),Office 365 ProPlus,Flow for Office 365,PowerApps for Office 365,Office 365 Advanced eDiscovery,Customer Lockbox,Microsoft MyAnalytics,Phone System,Audio Conferencing,Power BI Pro,Office 365 Threat Intelligence,Microsoft StaffHub,Office 365 Cloud App Security,Microsoft PowerApps,Logic Flows,Microsoft Power Videos Basic";"Consulting";"";"";"";"no";"no";"no";
"New York";"Nestor Wilke";"Wilke";"Nestor";"NestorW@delegate365.com";"Cloud";"DE";"yes";"Audio Conferencing,OFFICE 365 ENTERPRISE E5 WITHOUT PSTN CONFERENCING,Enterprise Mobility + Security E5";"SharePoint Online (Plan 2),Office Online,Azure Rights Management,Azure Active Directory Premium P2,Azure Information Protection Premium P2,Microsoft Cloud App Security,Azure Information Protection Plan 1,Intune A Direct,Azure Active Directory Premium Plan 1,Azure Multi-Factor Authentication,14ab5db5-e6c4-4b20-b4bc-13e36fd2227f,To-Do (Plan3),Microsoft StaffHub,Office 365 Threat Intelligence,Stream for Office 365,Microsoft Forms (Plan E5),Power BI Pro,Phone System,Microsoft MyAnalytics,Customer Lockbox,Office 365 Advanced eDiscovery,Office 365 ProPlus,Skype for Business Online (Plan 2),Exchange Online (Plan 2),Yammer Enterprise,SWAY,Microsoft Planner,Audio Conferencing,Microsoft Teams,Flow for Office 365,PowerApps for Office 365,Office 365 Cloud App Security";"";"Berlin";"";"Germany";"no";"no";"no";
