"OU";"Identity";"DisplayName";"MailBoxName";"PrimarySmtpAddress";"Status";
"Seattle";"TestSharedMailbox3";"TestSharedMailbox3";"TestSharedMailbox3";"testsharedmailbox3@delegate365.com";"Cloud";
"Seattle";"Testmailbox1";"Testmailbox1";"Testmailbox1";"testmailbox1@delegate365.com";"Cloud";
"Seattle";"Testmailbox2";"Testmailbox2";"Testmailbox2";"testmailbox2@delegate365.com";"Cloud";
"Seattle";"Testmailbox3";"Testmailbox3";"Testmailbox3";"testmailbox3@delegate365.com";"Cloud";
"New York";"Testmailbox4";"Testmailbox4";"Testmailbox4";"testmailbox4@delegate365.com";"Cloud";
"New York";"Testmailbox5";"Testmailbox5";"Testmailbox5";"testmailbox5@delegate365.com";"Cloud";
"New York";"Testmailbox6";"Testmailbox6";"Testmailbox6";"testmailbox6@delegate365.com";"Cloud";
