"OU";"Report Refresh Date";"User Principal Name";"Display Name";"Is Deleted";"Deleted Date";"Created Date";"Last Activity Date";"Item Count";"Storage Used (Byte)";"Storage Used (Gb)";"Issue Warning Quota (Byte)";"Issue Warning Quota (Gb)";"Prohibit Send Quota (Byte)";"Prohibit Send Quota (Gb)";"Prohibit Send/Receive Quota (Byte)";"Prohibit Send/Receive Quota (Gb)";"Report Period";
"Seattle";"2018-11-18";"Adele.Vance@delegate365.com";"Adele Vance";"False";"";"2014-02-27";"2018-11-18";"331963";"38347263249";"35.71367";"105226698752";"98";"106300440576";"99";"107374182400";"100";"7";
"Seattle";"2018-11-18";"MeganB@delegate365.com";"Megan Bowen";"False";"";"2014-02-27";"2018-11-16";"126904";"19195618867";"17.87731";"105226698752";"98";"106300440576";"99";"107374182400";"100";"7";
"Seattle";"2018-11-18";"Adam.Wallace@delegate365.com";"Adam Wallace";"False";"";"2014-02-27";"2018-11-18";"112329";"13170837901";"12.2663";"105226698752";"98";"106300440576";"99";"107374182400";"100";"7";
"New York";"2018-11-18";"JordanM@delegate365.com";"Jordan Miller";"False";"";"2015-11-25";"2018-11-18";"47952";"5737260774";"5.34324";"52613349376";"49";"53150220288";"49.5";"53687091200";"50";"7";
"Seattle";"2018-11-18";"IrvinS@delegate365.com";"Irvin Sayers";"False";"";"2014-02-27";"2018-11-16";"178524";"10020053686";"9.331903";"105226698752";"98";"106300440576";"99";"107374182400";"100";"7";
"New York";"2018-11-18";"DiegoS@delegate365.com";"Diego Siciliani";"False";"";"2015-11-25";"2018-11-18";"82094";"9787127904";"9.114973";"105226698752";"98";"106300440576";"99";"107374182400";"100";"7";
"New York";"2018-11-18";"NestorW@delegate365.com";"Nestor Wilke";"False";"";"2015-11-25";"2018-11-18";"40695";"5694875737";"5.303766";"105226698752";"98";"106300440576";"99";"107374182400";"100";"7";
