"OU";"Report Refresh Date";"Group Display Name";"IsDeleted";"Owner Principal Name";"Last Activity Date";"Group Type";"Member Count";"External Member Count";"Exchange Received Email Count";"SharePoint Active File Count";"Yammer Posted Message Count";"Yammer Read Message Count";"Yammer Liked Message Count";"Exchange Mailbox Total Item Count";"Exchange Mailbox Storage Used (Byte)";"Exchange Mailbox Storage Used (Gb)";"SharePoint Total File Count";"SharePoint Site Storage Used (Byte)";"SharePoint Site Storage Used (Gb)";"Report Period";
"Seattle";"2018-11-18";"DevTest";"False";"Adam.Wallace@delegate365.com";"2018-11-13";"Public";"5";"0";"";"1";"";"";"";"257";"3876140";"0.0036099";"4";"2006345";"0.0018686";"7";
"New York";"2018-11-18";"ADEFJ";"False";"JordanM@delegate365.com";"2018-11-18";"Private";"5";"0";"";"5";"";"";"";"453";"3400188";"0.0031667";"33";"51379625";"0.047851";"7";
"Seattle";"2018-11-18";"Customer3 - Support";"False";"LeeG@delegate365.com";"2018-11-13";"Private";"4";"0";"";"1";"";"";"";"534";"17530633";"0.0163267";"7";"5175985";"0.0048205";"7";
"Seattle";"2018-11-18";"Customer4";"False";"MeganB@delegate365.com";"2018-11-12";"Private";"6";"0";"";"1";"";"";"";"526";"3876640";"0.0036104";"16";"3263767";"0.0030396";"7";
