"OU";"Report Refresh Date";"User Principal Name";"Display Name";"IsDeleted";"Deleted Date";"Has Exchange License";"Has One Drive License";"Has SharePoint License";"Has Skype For Business License";"Has Yammer License";"Has Teams License";"Exchange Last Activity Date";"OneDrive Last Activity Date";"SharePoint Last Activity Date";"Skype For Business Last Activity Date";"Yammer Last Activity Date";"Teams Last Activity Date";"Exchange License Assign Date";"OneDrive License Assign Date";"SharePoint License Assign Date";"Skype For Business License Assign Date";"Yammer License Assign Date";"Teams License Assign Date";"Assigned Products";
"Seattle";"2018-11-17";"Adam.Wallace@delegate365.com";"Adam Wallace";"False";"";"True";"True";"True";"True";"True";"True";"2018-11-17";"2018-11-17";"2018-11-17";"2018-11-15";"2018-11-17";"2018-11-17";"2018-11-09";"2018-11-11";"2018-11-11";"2018-07-02";"2017-08-20";"2017-08-20";"Rights Management Adhoc+DOMESTIC AND INTERNATIONAL CALLING PLAN+ENTERPRISE MOBILITY + SECURITY E5+OFFICE 365 ENTERPRISE E5 WITHOUT AUDIO CONFERENCING+Microsoft Power Apps & Flow+AUDIO CONFERENCING+MICROSOFT CLOUD APP SECURITY+DYNAMICS 365 CUSTOMER ENGAGEMENT PLAN+VISIO ONLINE PLAN 2+POWER BI PRO+Microsoft PowerApps+Power BI (free)";
"New York";"2018-11-17";"JordanM@delegate365.com";"Jordan Miller";"False";"";"True";"True";"True";"True";"True";"True";"2018-11-17";"2018-11-17";"2018-11-16";"2018-11-16";"2018-11-16";"2018-11-16";"2017-07-02";"2018-11-05";"2018-11-05";"2017-07-02";"2017-07-02";"2017-07-02";"Microsoft Flow Free+ENTERPRISE MOBILITY + SECURITY E5+AUDIO CONFERENCING+OFFICE 365 ENTERPRISE E5 WITHOUT AUDIO CONFERENCING";
"Seattle";"2018-11-17";"JoniS@delegate365.com";"Joni Sherman";"False";"";"True";"True";"True";"True";"True";"True";"2018-11-16";"2018-08-16";"2018-10-29";"2016-11-05";"2018-11-15";"2018-02-13";"2017-07-02";"2018-11-05";"2018-11-05";"2017-07-02";"2017-07-02";"2017-07-02";"Microsoft PowerApps+OFFICE 365 ENTERPRISE E5 WITHOUT AUDIO CONFERENCING+Microsoft Flow Free+AUDIO CONFERENCING+ENTERPRISE MOBILITY + SECURITY E5";
"Seattle";"2018-11-17";"Adele.Vance@delegate365.com";"Adele Vance";"False";"";"True";"True";"True";"True";"True";"True";"2018-11-17";"2018-11-17";"2018-11-17";"2018-11-17";"2018-11-17";"2018-11-17";"2017-06-22";"2018-11-05";"2018-11-05";"2018-07-02";"2017-08-20";"2017-08-20";"DOMESTIC AND INTERNATIONAL CALLING PLAN+ENTERPRISE MOBILITY + SECURITY E5+OFFICE 365 ENTERPRISE E5 WITHOUT AUDIO CONFERENCING+Microsoft Power Apps & Flow+AUDIO CONFERENCING+MICROSOFT CLOUD APP SECURITY+DYNAMICS 365 CUSTOMER ENGAGEMENT PLAN+VISIO ONLINE PLAN 2+POWER BI PRO+Microsoft PowerApps+Power BI (free)";
