"OU";"ClosedDateTime";"CreatedDateTime";"Id";"IpAddress";"City";"State";"CountryOrRegion";"Latitude";"Longitude";"RiskEventDateTime";"RiskEventStatus";"RiskLevel";"RiskType";"UserDisplayName";"UserId";"UserPrincipalName";
"New York";"";"9/21/2018 11:02:54 PM";"FL-MFASuccess-d827fc60-9b28-4520-af06-b2d51904fa40-7a123456-c789-d123-e456-e78901234563-694ebe0f-7d44-4568-91ba-d424280d9c9a";"216.239.164.83";"Downtown";"FL";"United States";"28.5340003967285";"-81.3759994506836";"9/21/2018 10:55:06 PM";"closedMfaAuto";"medium";"UnfamiliarLocationRiskEvent";"Diego Siciliani";"7a123456-c789-d123-e456-e78901234563";"DiegoS@delegate365.com";
"Seattle";"9/18/2018 2:37:44 PM";"9/3/2018 2:13:26 PM";"FL-d827fc60-9b28-4520-af06-b2d51904fa40-2a123456-b789-c123-d456-e78901234564-52.164.250.191-2018-09-03T00:00";"52.164.250.191";"Dublin";"County Dublin";"Ireland";"53.353889465332";"-6.24333000183105";"9/3/2018 2:05:30 PM";"dismissedAsIgnore";"medium";"UnfamiliarLocationRiskEvent";"Irvin Sayers";"2a123456-b789-c123-d456-e78901234564";"IrvinS@delegate365.com";
"New York";"";"9/22/2018 2:25:31 PM";"FL-MFASuccess-d827fc60-9b28-4520-af06-b2d51904fa40-1fd12345-f789-e123-d456-c78901234565-a7aa9a19-d556-47f7-9cac-58151c6a983a";"192.100.72.2";"Quitman";"TX";"United States";"32.782958984375";"-95.4552307128906";"9/22/2018 2:20:03 PM";"closedMfaAuto";"medium";"UnfamiliarLocationRiskEvent";"Jordan Miller";"1fd12345-f789-e123-d456-c78901234565";"JordanM@delegate365.com";
"New York";"";"9/22/2018 2:28:35 PM";"FL-MFASuccess-d827fc60-9b28-4520-af06-b2d51904fa40-1fd12345-f789-e123-d456-c78901234565-46da57e0-ad39-47b5-bd46-ec7b79f8c545";"192.100.72.2";"Quitman";"TX";"United States";"32.782958984375";"-95.4552307128906";"9/22/2018 2:20:03 PM";"closedMfaAuto";"medium";"UnfamiliarLocationRiskEvent";"Jordan Miller";"1fd12345-f789-e123-d456-c78901234565";"JordanM@delegate365.com";
