"OU";"Report Refresh Date";"User Principal Name";"Display Name";"User State";"State Change Date";"Last Activity Date";"Posted Count";"Read Count";"Liked Count";"Assigned Products";"Report Period";
"New York";"2018-11-18";"DiegoS@delegate365.com";"Diego Siciliani";"active";"2016-06-01";"2018-10-22";"0";"0";"0";"Microsoft Power Apps & Flow+Microsoft PowerApps+OFFICE 365 ENTERPRISE E5 WITHOUT AUDIO CONFERENCING+Microsoft Flow Free+AUDIO CONFERENCING+ENTERPRISE MOBILITY + SECURITY E5";"7";
"Seattle";"2018-11-18";"RosieH@delegate365.com";"Rosie Hale";"active";"2017-02-21";"2018-11-14";"1";"9";"0";"Microsoft PowerApps+OFFICE 365 ENTERPRISE E5 WITHOUT AUDIO CONFERENCING+AUDIO CONFERENCING+ENTERPRISE MOBILITY + SECURITY E5+DYNAMICS 365 CUSTOMER ENGAGEMENT PLAN";"7";
"Seattle";"2018-11-18";"Adam.Wallace@delegate365.com";"Adam Wallace";"active";"2013-02-01";"2018-11-18";"11";"63";"28";"Rights Management Adhoc+DOMESTIC AND INTERNATIONAL CALLING PLAN+ENTERPRISE MOBILITY + SECURITY E5+OFFICE 365 ENTERPRISE E5 WITHOUT AUDIO CONFERENCING+Microsoft Power Apps & Flow+AUDIO CONFERENCING+MICROSOFT CLOUD APP SECURITY+DYNAMICS 365 CUSTOMER ENGAGEMENT PLAN+VISIO ONLINE PLAN 2+POWER BI PRO+Microsoft PowerApps+Power BI (free)";"7";
"New York";"2018-11-18";"SimonN@delegate365.com";"Simon Narvaez";"active";"2017-08-03";"2018-11-16";"8";"29";"3";"DYNAMICS 365 CUSTOMER ENGAGEMENT PLAN+ENTERPRISE MOBILITY + SECURITY E5+OFFICE 365 ENTERPRISE E5 WITHOUT AUDIO CONFERENCING+AUDIO CONFERENCING";"7";
"New York";"2018-11-18";"NicholasR@delegate365.com";"Nicholas Rose";"active";"2016-09-02";"2018-11-03";"0";"0";"0";"Microsoft Power Apps & Flow+Microsoft PowerApps+OFFICE 365 ENTERPRISE E5 WITHOUT AUDIO CONFERENCING+Microsoft Flow Free+AUDIO CONFERENCING+ENTERPRISE MOBILITY + SECURITY E5";"7";
"Seattle";"2018-11-18";"RomanF@delegate365.com";"Roman Fogg";"active";"2013-07-27";"2018-11-17";"16";"91";"6";"Microsoft Power Apps & Flow+ENTERPRISE MOBILITY + SECURITY E5+OFFICE 365 ENTERPRISE E5 WITHOUT AUDIO CONFERENCING+Microsoft PowerApps+POWER BI PRO+DYNAMICS 365 CUSTOMER ENGAGEMENT PLAN+AUDIO CONFERENCING+MICROSOFT CLOUD APP SECURITY+VISIO ONLINE PLAN 2";"7";
"Seattle";"2018-11-18";"IrvinS@delegate365.com";"Irvin Sayers";"active";"2015-01-13";"2018-11-16";"0";"78";"0";"Microsoft Power Apps & Flow+Microsoft Flow Free+Microsoft PowerApps+OFFICE 365 ENTERPRISE E5 WITHOUT AUDIO CONFERENCING+AUDIO CONFERENCING+ENTERPRISE MOBILITY + SECURITY E5+POWER BI PRO+Power BI (free)";"7";
